point_id,t,E_expt_eV
1,0.53333,-1.0931
2,0.47222,-1.1909
3,0.22778,-1.4071
4,0.05556,-1.5059
5,0.05,-1.5967
6,0.22222,-1.4309
7,0.35278,-1.2378
8,0.46111,-0.9796
9,0.51944,-0.8182
10,0.64722,-0.4113
