element,point_id,t,E_pred_eV
K,1,0.533330,-0.750870
K,1,0.533330,0.708558
K,2,0.472220,-0.852781
K,2,0.472220,0.708800
K,3,0.227780,-1.141380
K,3,0.227780,0.642230
K,4,0.055560,-1.225443
K,4,0.055560,0.605716
K,5,0.050000,-1.226099
K,5,0.050000,0.605566
K,6,0.222220,-1.146351
K,6,0.222220,0.640230
K,7,0.352780,-1.018777
K,7,0.352780,0.687039
K,8,0.461110,-0.870505
K,8,0.461110,0.707545
K,9,0.519440,-0.775201
K,9,0.519440,0.708488
K,10,0.647220,-0.532856
K,10,0.647220,0.685119
