point_id,t
1,0.032258
2,0.064516
3,0.096774
4,0.129032
5,0.161290
6,0.193548
7,0.225806
8,0.258065
9,0.290323
10,0.322581
11,0.354839
12,0.387097
13,0.419355
14,0.451613
15,0.483871
16,0.516129
17,0.548387
18,0.580645
19,0.612903
20,0.645161
21,0.677419
22,0.709677
23,0.741935
24,0.774194
25,0.806452
26,0.838710
27,0.870968
28,0.903226
29,0.935484
30,0.967742
31,1.000000
