point_id,t
1,0.53333
2,0.47222
3,0.22778
4,0.05556
5,0.05
6,0.22222
7,0.35278
8,0.46111
9,0.51944
10,0.64722
