point_id,t
1,0.841529
2,0.816848
3,0.80864
4,0.783979
5,0.751071
6,0.680998
7,0.643928
8,0.598555
9,0.58213
10,0.478956
11,0.359135
12,0.297153
13,0.292905
14,0.230884
15,0.172939
16,0.11086
17,0.057038
18,0.052809
19,0.042515
20,0.133793
21,0.229262
22,0.316369
23,0.411934
24,0.511748
25,0.574125
26,0.653391
27,0.707697
28,0.719911
29,0.76176
30,0.790854
31,0.820295
